"","ptp","break_idx","time_spent_msec"
"1","sub_001",1,4450.79999999981
"2","sub_001",2,2112.39999999991
"3","sub_001",3,3707.29999999981
"4","sub_001",4,1960
"5","sub_001",5,2706.60000000009
"6","sub_001",6,2023.5
"7","sub_001",7,3379.10000000009
"8","sub_001",8,1498
"9","sub_001",9,3765.09999999963
"10","sub_001",10,1797.60000000009
"11","sub_001",11,1623.70000000019
